{
  "r2_score": 0.46193146681672426,
  "mae": 844.687831633107,
  "max_error": 84117.45071604502
}